"Date of data","Commodity code","Commodity","Trading partner code","Trading partner","Customs Regime code","Customs Regime","Locations of importers and exporters code","Locations of importers and exporters","Quantity","Unit","Supplementary Quantity","Supplementary Unit","US dollar",
"202601","29012920","Acetylene","110","Hong Kong£¬China","10","Ordinary Trade","44","Guangdong Province","81782","Kilogram","0","?","315,286",
"202601","29012920","Acetylene","121","Macao,China","10","Ordinary Trade","44","Guangdong Province","5800","Kilogram","0","?","28,579",
"202601","29012920","Acetylene","133","Republic of Korea","10","Ordinary Trade","31","Shanghai Province","3574","Kilogram","0","?","199,307",
"202601","29012920","Acetylene","143","Taiwan£¬China","15","Processing with Imported Materials","61","Shaanxi Province","1248","Kilogram","0","?","234,351",
"202601","29012920","Acetylene","412","Chile","10","Ordinary Trade","37","Shandong Province","1725","Kilogram","0","?","4,137",
"202601","29012920","Acetylene","413","Colombia","10","Ordinary Trade","31","Shanghai Province","240","Kilogram","0","?","2,000",
"202601","29012920","Acetylene","501","Canada","10","Ordinary Trade","32","Jiangsu Province","1287","Kilogram","0","?","13,433",
"202601","29012920","Acetylene","601","Australia","10","Ordinary Trade","41","Henan Province","7443","Kilogram","0","?","55,610",
"202601","29012920","Acetylene","611","Papua New Guinea","10","Ordinary Trade","37","Shandong Province","1600","Kilogram","0","?","14,400",
"202601","29012990","Unsaturated acyclic hydrocarbons, nes","110","Hong Kong£¬China","10","Ordinary Trade","31","Shanghai Province","51","Kilogram","0","?","16,507",
"202601","29012990","Unsaturated acyclic hydrocarbons, nes","110","Hong Kong£¬China","10","Ordinary Trade","32","Jiangsu Province","6","Kilogram","0","?","11,494",
"202601","29012990","Unsaturated acyclic hydrocarbons, nes","111","India","10","Ordinary Trade","31","Shanghai Province","925","Kilogram","0","?","36,846",
"202601","29012990","Unsaturated acyclic hydrocarbons, nes","111","India","10","Ordinary Trade","32","Jiangsu Province","209825","Kilogram","0","?","256,076",
"202601","29012990","Unsaturated acyclic hydrocarbons, nes","111","India","10","Ordinary Trade","33","Zhejiang Province","243000","Kilogram","0","?","1,255,944",
"202601","29012990","Unsaturated acyclic hydrocarbons, nes","111","India","10","Ordinary Trade","36","Jiangxi Province","54725","Kilogram","0","?","330,740",
"202601","29012990","Unsaturated acyclic hydrocarbons, nes","111","India","10","Ordinary Trade","44","Guangdong Province","326080","Kilogram","0","?","1,954,825",
"202601","29012990","Unsaturated acyclic hydrocarbons, nes","111","India","10","Ordinary Trade","51","Sichuan Province","0","Kilogram","0","?","38",
"202601","29012990","Unsaturated acyclic hydrocarbons, nes","111","India","15","Processing with Imported Materials","36","Jiangxi Province","108000","Kilogram","0","?","602,010",
"202601","29012990","Unsaturated acyclic hydrocarbons, nes","112","Indonesia","10","Ordinary Trade","44","Guangdong Province","5","Kilogram","0","?","285",
"202601","29012990","Unsaturated acyclic hydrocarbons, nes","113","Iran","10","Ordinary Trade","33","Zhejiang Province","1","Kilogram","0","?","24",
"202601","29012990","Unsaturated acyclic hydrocarbons, nes","113","Iran","10","Ordinary Trade","46","Hainan Province","0","Kilogram","0","?","1",
"202601","29012990","Unsaturated acyclic hydrocarbons, nes","116","Japan","10","Ordinary Trade","31","Shanghai Province","220904","Kilogram","0","?","276,169",
"202601","29012990","Unsaturated acyclic hydrocarbons, nes","116","Japan","10","Ordinary Trade","32","Jiangsu Province","54946","Kilogram","0","?","1,398,163",
"202601","29012990","Unsaturated acyclic hydrocarbons, nes","116","Japan","10","Ordinary Trade","44","Guangdong Province","76000","Kilogram","0","?","355,480",
"202601","29012990","Unsaturated acyclic hydrocarbons, nes","116","Japan","14","Processing and Assembling","32","Jiangsu Province","72840","Kilogram","0","?","95,108",
"202601","29012990","Unsaturated acyclic hydrocarbons, nes","116","Japan","15","Processing with Imported Materials","32","Jiangsu Province","14000","Kilogram","0","?","34,472",
"202601","29012990","Unsaturated acyclic hydrocarbons, nes","127","Pakistan","10","Ordinary Trade","33","Zhejiang Province","2025","Kilogram","0","?","11,340",
"202601","29012990","Unsaturated acyclic hydrocarbons, nes","130","Qatar","10","Ordinary Trade","31","Shanghai Province","94177","Kilogram","0","?","113,097",
"202601","29012990","Unsaturated acyclic hydrocarbons, nes","130","Qatar","10","Ordinary Trade","32","Jiangsu Province","2606316","Kilogram","0","?","2,257,734",
"202601","29012990","Unsaturated acyclic hydrocarbons, nes","131","Saudi Arabia","10","Ordinary Trade","32","Jiangsu Province","698594","Kilogram","0","?","768,632",
"202601","29012990","Unsaturated acyclic hydrocarbons, nes","131","Saudi Arabia","10","Ordinary Trade","44","Guangdong Province","2095901","Kilogram","0","?","2,274,450",
"202601","29012990","Unsaturated acyclic hydrocarbons, nes","132","Singapore","10","Ordinary Trade","33","Zhejiang Province","12800","Kilogram","0","?","22,733",
"202601","29012990","Unsaturated acyclic hydrocarbons, nes","132","Singapore","10","Ordinary Trade","35","Fujian Province","160","Kilogram","0","?","6,434",
"202601","29012990","Unsaturated acyclic hydrocarbons, nes","133","Republic of Korea","10","Ordinary Trade","31","Shanghai Province","64326","Kilogram","0","?","112,318",
"202601","29012990","Unsaturated acyclic hydrocarbons, nes","133","Republic of Korea","10","Ordinary Trade","32","Jiangsu Province","4500","Kilogram","0","?","12,457",
"202601","29012990","Unsaturated acyclic hydrocarbons, nes","133","Republic of Korea","10","Ordinary Trade","33","Zhejiang Province","6000","Kilogram","0","?","15,985",
"202601","29012990","Unsaturated acyclic hydrocarbons, nes","133","Republic of Korea","10","Ordinary Trade","37","Shandong Province","50","Kilogram","0","?","7,226",
"202601","29012990","Unsaturated acyclic hydrocarbons, nes","137","T¨¹rkiye","10","Ordinary Trade","44","Guangdong Province","26","Kilogram","0","?","12,849",
"202601","29012990","Unsaturated acyclic hydrocarbons, nes","142","China","10","Ordinary Trade","31","Shanghai Province","0","Kilogram","0","?","28",
"202601","29012990","Unsaturated acyclic hydrocarbons, nes","143","Taiwan£¬China","10","Ordinary Trade","31","Shanghai Province","20","Kilogram","0","?","365",
"202601","29012990","Unsaturated acyclic hydrocarbons, nes","244","South Africa","10","Ordinary Trade","32","Jiangsu Province","58460","Kilogram","0","?","72,426",
"202601","29012990","Unsaturated acyclic hydrocarbons, nes","244","South Africa","10","Ordinary Trade","44","Guangdong Province","2015965","Kilogram","0","?","2,458,291",
"202601","29012990","Unsaturated acyclic hydrocarbons, nes","301","Belgium","10","Ordinary Trade","31","Shanghai Province","2","Kilogram","0","?","179",
"202601","29012990","Unsaturated acyclic hydrocarbons, nes","301","Belgium","10","Ordinary Trade","32","Jiangsu Province","49440","Kilogram","0","?","60,764",
"202601","29012990","Unsaturated acyclic hydrocarbons, nes","301","Belgium","10","Ordinary Trade","44","Guangdong Province","17020","Kilogram","0","?","54,464",
"202601","29012990","Unsaturated acyclic hydrocarbons, nes","301","Belgium","15","Processing with Imported Materials","33","Zhejiang Province","16500","Kilogram","0","?","37,125",
"202601","29012990","Unsaturated acyclic hydrocarbons, nes","303","United Kingdom","10","Ordinary Trade","31","Shanghai Province","0","Kilogram","0","?","7",
"202601","29012990","Unsaturated acyclic hydrocarbons, nes","303","United Kingdom","10","Ordinary Trade","32","Jiangsu Province","2210","Kilogram","0","?","260,780",
"202601","29012990","Unsaturated acyclic hydrocarbons, nes","304","Germany","10","Ordinary Trade","31","Shanghai Province","12461","Kilogram","0","?","130,991",
"202601","29012990","Unsaturated acyclic hydrocarbons, nes","304","Germany","10","Ordinary Trade","33","Zhejiang Province","0","Kilogram","0","?","1,333",
"202601","29012990","Unsaturated acyclic hydrocarbons, nes","304","Germany","10","Ordinary Trade","51","Sichuan Province","5","Kilogram","0","?","300",
"202601","29012990","Unsaturated acyclic hydrocarbons, nes","305","France","10","Ordinary Trade","31","Shanghai Province","61","Kilogram","0","?","138,714",
"202601","29012990","Unsaturated acyclic hydrocarbons, nes","307","Italy","10","Ordinary Trade","32","Jiangsu Province","1920","Kilogram","0","?","10,928",
"202601","29012990","Unsaturated acyclic hydrocarbons, nes","311","Portugal","10","Ordinary Trade","36","Jiangxi Province","17000","Kilogram","0","?","190,430",
"202601","29012990","Unsaturated acyclic hydrocarbons, nes","312","Spain","10","Ordinary Trade","31","Shanghai Province","416","Kilogram","0","?","51,354",
"202601","29012990","Unsaturated acyclic hydrocarbons, nes","312","Spain","10","Ordinary Trade","32","Jiangsu Province","225","Kilogram","0","?","9,944",
"202601","29012990","Unsaturated acyclic hydrocarbons, nes","312","Spain","10","Ordinary Trade","33","Zhejiang Province","19016","Kilogram","0","?","92,363",
"202601","29012990","Unsaturated acyclic hydrocarbons, nes","312","Spain","10","Ordinary Trade","44","Guangdong Province","54050","Kilogram","0","?","326,218",
"202601","29012990","Unsaturated acyclic hydrocarbons, nes","331","Switzerland","10","Ordinary Trade","11","Beijing","100","Kilogram","0","?","3,800",
"202601","29012990","Unsaturated acyclic hydrocarbons, nes","331","Switzerland","10","Ordinary Trade","31","Shanghai Province","2","Kilogram","0","?","1,729",
"202601","29012990","Unsaturated acyclic hydrocarbons, nes","331","Switzerland","10","Ordinary Trade","32","Jiangsu Province","5","Kilogram","0","?","6,001",
"202601","29012990","Unsaturated acyclic hydrocarbons, nes","331","Switzerland","10","Ordinary Trade","44","Guangdong Province","1","Kilogram","0","?","1,209",
"202601","29012990","Unsaturated acyclic hydrocarbons, nes","340","Belarus","10","Ordinary Trade","33","Zhejiang Province","1","Kilogram","0","?","116",
"202601","29012990","Unsaturated acyclic hydrocarbons, nes","344","Russia","10","Ordinary Trade","32","Jiangsu Province","312000","Kilogram","0","?","747,790",
"202601","29012990","Unsaturated acyclic hydrocarbons, nes","344","Russia","10","Ordinary Trade","33","Zhejiang Province","31820","Kilogram","0","?","29,426",
"202601","29012990","Unsaturated acyclic hydrocarbons, nes","410","Brazil","10","Ordinary Trade","34","Anhui Province","0","Kilogram","0","?","164",
"202601","29012990","Unsaturated acyclic hydrocarbons, nes","410","Brazil","10","Ordinary Trade","42","Hubei Province","555800","Kilogram","0","?","2,441,533",
"202601","29012990","Unsaturated acyclic hydrocarbons, nes","501","Canada","10","Ordinary Trade","31","Shanghai Province","64000","Kilogram","0","?","93,178",
"202601","29012990","Unsaturated acyclic hydrocarbons, nes","502","United States","10","Ordinary Trade","11","Beijing","4","Kilogram","0","?","31",
"202601","29012990","Unsaturated acyclic hydrocarbons, nes","502","United States","10","Ordinary Trade","12","Tianjin","150000","Kilogram","0","?","181,000",
"202601","29012990","Unsaturated acyclic hydrocarbons, nes","502","United States","10","Ordinary Trade","31","Shanghai Province","225917","Kilogram","0","?","312,869",
"202601","29012990","Unsaturated acyclic hydrocarbons, nes","502","United States","10","Ordinary Trade","32","Jiangsu Province","999403","Kilogram","0","?","1,099,343",
"202601","29012990","Unsaturated acyclic hydrocarbons, nes","502","United States","10","Ordinary Trade","33","Zhejiang Province","1758391","Kilogram","0","?","2,122,403",
"202601","29012990","Unsaturated acyclic hydrocarbons, nes","502","United States","10","Ordinary Trade","37","Shandong Province","471205","Kilogram","0","?","568,584",
"202601","29012990","Unsaturated acyclic hydrocarbons, nes","502","United States","10","Ordinary Trade","43","Hunan Province","455838","Kilogram","0","?","527,113",
"202601","29012990","Unsaturated acyclic hydrocarbons, nes","601","Australia","10","Ordinary Trade","31","Shanghai Province","0","Kilogram","0","?","20",
"202601","29012990","Unsaturated acyclic hydrocarbons, nes","601","Australia","10","Ordinary Trade","32","Jiangsu Province","1168","Kilogram","0","?","56,336",
"202601","29021100","Cyclohexane","112","Indonesia","10","Ordinary Trade","37","Shandong Province","24000","Kilogram","0","?","19,380",
"202601","29021100","Cyclohexane","115","Israel","10","Ordinary Trade","37","Shandong Province","12000","Kilogram","0","?","11,460",
"202601","29021100","Cyclohexane","116","Japan","10","Ordinary Trade","21","Liaoning Province","48000","Kilogram","0","?","46,609",
"202601","29021100","Cyclohexane","116","Japan","10","Ordinary Trade","31","Shanghai Province","6","Kilogram","0","?","110",
"202601","29021100","Cyclohexane","116","Japan","10","Ordinary Trade","35","Fujian Province","2988325","Kilogram","0","?","1,926,752",
"202601","29021100","Cyclohexane","130","Qatar","10","Ordinary Trade","21","Liaoning Province","36000","Kilogram","0","?","46,900",
"202601","29021100","Cyclohexane","133","Republic of Korea","10","Ordinary Trade","37","Shandong Province","180000","Kilogram","0","?","139,401",
"202601","29021100","Cyclohexane","134","Sri Lanka","10","Ordinary Trade","37","Shandong Province","9000","Kilogram","0","?","7,825",
"202601","29021100","Cyclohexane","136","Thailand","10","Ordinary Trade","32","Jiangsu Province","12000","Kilogram","0","?","13,542",
"202601","29021100","Cyclohexane","138","United Arab Emirates","10","Ordinary Trade","37","Shandong Province","70000","Kilogram","0","?","72,555",
"202601","29021100","Cyclohexane","141","Viet Nam","10","Ordinary Trade","32","Jiangsu Province","17500","Kilogram","0","?","13,485",
"202601","29021100","Cyclohexane","141","Viet Nam","10","Ordinary Trade","37","Shandong Province","131000","Kilogram","0","?","109,877",
"202601","29021100","Cyclohexane","143","Taiwan£¬China","10","Ordinary Trade","32","Jiangsu Province","12000","Kilogram","0","?","12,950",
"202601","29021100","Cyclohexane","304","Germany","10","Ordinary Trade","21","Liaoning Province","1800","Kilogram","0","?","1,952",
"202601","29021100","Cyclohexane","307","Italy","10","Ordinary Trade","44","Guangdong Province","17","Kilogram","0","?","455",
"202601","29021100","Cyclohexane","312","Spain","10","Ordinary Trade","31","Shanghai Province","0","Kilogram","0","?","29",
"202601","29021100","Cyclohexane","412","Chile","10","Ordinary Trade","37","Shandong Province","18000","Kilogram","0","?","13,676",
"202601","29021100","Cyclohexane","412","Chile","10","Ordinary Trade","41","Henan Province","22800","Kilogram","0","?","19,499",
"202601","29021100","Cyclohexane","413","Colombia","10","Ordinary Trade","37","Shandong Province","12000","Kilogram","0","?","9,900",
"202601","29021100","Cyclohexane","502","United States","10","Ordinary Trade","31","Shanghai Province","6","Kilogram","0","?","1,000",
"202602","29012920","Acetylene","110","Hong Kong£¬China","10","Ordinary Trade","44","Guangdong Province","51803","Kilogram","0","?","205,483",
"202602","29012920","Acetylene","121","Macao,China","10","Ordinary Trade","44","Guangdong Province","2250","Kilogram","0","?","11,165",
"202602","29012920","Acetylene","133","Republic of Korea","10","Ordinary Trade","37","Shandong Province","48","Kilogram","0","?","480",
"202602","29012920","Acetylene","143","Taiwan£¬China","10","Ordinary Trade","31","Shanghai Province","576","Kilogram","0","?","54,837",
"202602","29012920","Acetylene","143","Taiwan£¬China","15","Processing with Imported Materials","61","Shaanxi Province","1537","Kilogram","0","?","288,432",
"202602","29012920","Acetylene","202","Angola","10","Ordinary Trade","32","Jiangsu Province","990","Kilogram","0","?","7,186",
"202602","29012920","Acetylene","211","Chad","10","Ordinary Trade","31","Shanghai Province","105","Kilogram","0","?","3,000",
"202602","29012920","Acetylene","220","Ghana","10","Ordinary Trade","37","Shandong Province","2000","Kilogram","0","?","14,352",
"202602","29012920","Acetylene","221","Guinea","10","Ordinary Trade","37","Shandong Province","2940","Kilogram","0","?","14,994",
"202602","29012920","Acetylene","242","Sierra Leone","10","Ordinary Trade","37","Shandong Province","1000","Kilogram","0","?","7,194",
"202602","29012990","Unsaturated acyclic hydrocarbons, nes","110","Hong Kong£¬China","10","Ordinary Trade","31","Shanghai Province","35","Kilogram","0","?","22,125",
"202602","29012990","Unsaturated acyclic hydrocarbons, nes","110","Hong Kong£¬China","10","Ordinary Trade","32","Jiangsu Province","3","Kilogram","0","?","7,339",
"202602","29012990","Unsaturated acyclic hydrocarbons, nes","111","India","10","Ordinary Trade","31","Shanghai Province","50","Kilogram","0","?","3,749",
"202602","29012990","Unsaturated acyclic hydrocarbons, nes","111","India","10","Ordinary Trade","32","Jiangsu Province","488990","Kilogram","0","?","567,893",
"202602","29012990","Unsaturated acyclic hydrocarbons, nes","111","India","10","Ordinary Trade","33","Zhejiang Province","93900","Kilogram","0","?","528,336",
"202602","29012990","Unsaturated acyclic hydrocarbons, nes","111","India","10","Ordinary Trade","36","Jiangxi Province","18325","Kilogram","0","?","114,940",
"202602","29012990","Unsaturated acyclic hydrocarbons, nes","111","India","10","Ordinary Trade","44","Guangdong Province","224000","Kilogram","0","?","1,187,407",
"202602","29012990","Unsaturated acyclic hydrocarbons, nes","111","India","15","Processing with Imported Materials","36","Jiangxi Province","90000","Kilogram","0","?","505,423",
"202602","29012990","Unsaturated acyclic hydrocarbons, nes","112","Indonesia","10","Ordinary Trade","31","Shanghai Province","200","Kilogram","0","?","7,878",
"202602","29012990","Unsaturated acyclic hydrocarbons, nes","112","Indonesia","10","Ordinary Trade","36","Jiangxi Province","100","Kilogram","0","?","4,180",
"202602","29012990","Unsaturated acyclic hydrocarbons, nes","112","Indonesia","10","Ordinary Trade","44","Guangdong Province","20","Kilogram","0","?","177",
"202602","29012990","Unsaturated acyclic hydrocarbons, nes","116","Japan","10","Ordinary Trade","31","Shanghai Province","222889","Kilogram","0","?","287,019",
"202602","29012990","Unsaturated acyclic hydrocarbons, nes","116","Japan","10","Ordinary Trade","32","Jiangsu Province","36327","Kilogram","0","?","772,439",
"202602","29012990","Unsaturated acyclic hydrocarbons, nes","116","Japan","10","Ordinary Trade","44","Guangdong Province","114000","Kilogram","0","?","553,740",
"202602","29012990","Unsaturated acyclic hydrocarbons, nes","116","Japan","10","Ordinary Trade","51","Sichuan Province","0","Kilogram","0","?","5,565",
"202602","29012990","Unsaturated acyclic hydrocarbons, nes","116","Japan","14","Processing and Assembling","32","Jiangsu Province","163840","Kilogram","0","?","207,266",
"202602","29012990","Unsaturated acyclic hydrocarbons, nes","127","Pakistan","10","Ordinary Trade","33","Zhejiang Province","45","Kilogram","0","?","311",
"202602","29012990","Unsaturated acyclic hydrocarbons, nes","130","Qatar","10","Ordinary Trade","31","Shanghai Province","2000727","Kilogram","0","?","2,320,209",
"202602","29012990","Unsaturated acyclic hydrocarbons, nes","130","Qatar","10","Ordinary Trade","32","Jiangsu Province","2099459","Kilogram","0","?","2,608,786",
"202602","29012990","Unsaturated acyclic hydrocarbons, nes","130","Qatar","10","Ordinary Trade","44","Guangdong Province","2752739","Kilogram","0","?","3,244,298",
"202602","29012990","Unsaturated acyclic hydrocarbons, nes","130","Qatar","33","Customs Warehousing Trade","32","Jiangsu Province","1426881","Kilogram","0","?","1,628,102",
"202602","29012990","Unsaturated acyclic hydrocarbons, nes","131","Saudi Arabia","10","Ordinary Trade","32","Jiangsu Province","146870","Kilogram","0","?","105,731",
"202602","29012990","Unsaturated acyclic hydrocarbons, nes","131","Saudi Arabia","10","Ordinary Trade","37","Shandong Province","180","Kilogram","0","?","1,636",
"202602","29012990","Unsaturated acyclic hydrocarbons, nes","132","Singapore","10","Ordinary Trade","36","Jiangxi Province","1580","Kilogram","0","?","50,760",
"202602","29012990","Unsaturated acyclic hydrocarbons, nes","133","Republic of Korea","10","Ordinary Trade","32","Jiangsu Province","0","Kilogram","0","?","167",
"202602","29012990","Unsaturated acyclic hydrocarbons, nes","133","Republic of Korea","10","Ordinary Trade","35","Fujian Province","50","Kilogram","0","?","1,149",
"202602","29012990","Unsaturated acyclic hydrocarbons, nes","136","Thailand","10","Ordinary Trade","31","Shanghai Province","750","Kilogram","0","?","1,050",
"202602","29012990","Unsaturated acyclic hydrocarbons, nes","136","Thailand","10","Ordinary Trade","32","Jiangsu Province","40","Kilogram","0","?","840",
"202602","29012990","Unsaturated acyclic hydrocarbons, nes","137","T¨¹rkiye","10","Ordinary Trade","32","Jiangsu Province","7","Kilogram","0","?","107",
"202602","29012990","Unsaturated acyclic hydrocarbons, nes","138","United Arab Emirates","10","Ordinary Trade","32","Jiangsu Province","50","Kilogram","0","?","1,346",
"202602","29012990","Unsaturated acyclic hydrocarbons, nes","139","Yemen","10","Ordinary Trade","31","Shanghai Province","14400","Kilogram","0","?","121,323",
"202602","29012990","Unsaturated acyclic hydrocarbons, nes","244","South Africa","39","Other","33","Zhejiang Province","1","Kilogram","0","?","181",
"202602","29012990","Unsaturated acyclic hydrocarbons, nes","301","Belgium","10","Ordinary Trade","31","Shanghai Province","5","Kilogram","0","?","309",
"202602","29012990","Unsaturated acyclic hydrocarbons, nes","301","Belgium","10","Ordinary Trade","42","Hubei Province","5004","Kilogram","0","?","85,068",
"202602","29012990","Unsaturated acyclic hydrocarbons, nes","303","United Kingdom","10","Ordinary Trade","31","Shanghai Province","0","Kilogram","0","?","10",
"202602","29012990","Unsaturated acyclic hydrocarbons, nes","303","United Kingdom","10","Ordinary Trade","32","Jiangsu Province","11035","Kilogram","0","?","1,265,564",
"202602","29012990","Unsaturated acyclic hydrocarbons, nes","304","Germany","10","Ordinary Trade","21","Liaoning Province","900","Kilogram","0","?","154,880",
"202602","29012990","Unsaturated acyclic hydrocarbons, nes","304","Germany","10","Ordinary Trade","31","Shanghai Province","0","Kilogram","0","?","203",
"202602","29012990","Unsaturated acyclic hydrocarbons, nes","304","Germany","10","Ordinary Trade","33","Zhejiang Province","0","Kilogram","0","?","4,028",
"202602","29012990","Unsaturated acyclic hydrocarbons, nes","305","France","10","Ordinary Trade","31","Shanghai Province","70","Kilogram","0","?","162,178",
"202602","29012990","Unsaturated acyclic hydrocarbons, nes","305","France","10","Ordinary Trade","32","Jiangsu Province","245","Kilogram","0","?","61,789",
"202602","29012990","Unsaturated acyclic hydrocarbons, nes","305","France","10","Ordinary Trade","36","Jiangxi Province","51000","Kilogram","0","?","567,008",
"202602","29012990","Unsaturated acyclic hydrocarbons, nes","307","Italy","10","Ordinary Trade","37","Shandong Province","500","Kilogram","0","?","41,904",
"202602","29012990","Unsaturated acyclic hydrocarbons, nes","311","Portugal","10","Ordinary Trade","32","Jiangsu Province","2160","Kilogram","0","?","44,241",
"202602","29012990","Unsaturated acyclic hydrocarbons, nes","311","Portugal","10","Ordinary Trade","44","Guangdong Province","7200","Kilogram","0","?","146,661",
"202602","29012990","Unsaturated acyclic hydrocarbons, nes","312","Spain","10","Ordinary Trade","31","Shanghai Province","700","Kilogram","0","?","144,948",
"202602","29012990","Unsaturated acyclic hydrocarbons, nes","312","Spain","10","Ordinary Trade","32","Jiangsu Province","315","Kilogram","0","?","14,221",
"202602","29012990","Unsaturated acyclic hydrocarbons, nes","312","Spain","10","Ordinary Trade","33","Zhejiang Province","640","Kilogram","0","?","24,085",
"202602","29012990","Unsaturated acyclic hydrocarbons, nes","312","Spain","10","Ordinary Trade","35","Fujian Province","1500","Kilogram","0","?","70,683",
"202602","29012990","Unsaturated acyclic hydrocarbons, nes","312","Spain","10","Ordinary Trade","36","Jiangxi Province","13500","Kilogram","0","?","106,625",
"202602","29012990","Unsaturated acyclic hydrocarbons, nes","312","Spain","10","Ordinary Trade","44","Guangdong Province","54032","Kilogram","0","?","340,489",
"202602","29012990","Unsaturated acyclic hydrocarbons, nes","321","Hungary","10","Ordinary Trade","35","Fujian Province","640","Kilogram","0","?","4,800",
"202602","29012990","Unsaturated acyclic hydrocarbons, nes","331","Switzerland","10","Ordinary Trade","31","Shanghai Province","1","Kilogram","0","?","1,427",
"202602","29012990","Unsaturated acyclic hydrocarbons, nes","331","Switzerland","10","Ordinary Trade","32","Jiangsu Province","10","Kilogram","0","?","12,089",
"202602","29012990","Unsaturated acyclic hydrocarbons, nes","331","Switzerland","39","Other","31","Shanghai Province","0","Kilogram","0","?","76",
"202602","29012990","Unsaturated acyclic hydrocarbons, nes","344","Russia","10","Ordinary Trade","31","Shanghai Province","362425","Kilogram","0","?","642,999",
"202602","29012990","Unsaturated acyclic hydrocarbons, nes","344","Russia","10","Ordinary Trade","32","Jiangsu Province","312000","Kilogram","0","?","757,627",
"202602","29012990","Unsaturated acyclic hydrocarbons, nes","344","Russia","10","Ordinary Trade","33","Zhejiang Province","76033","Kilogram","0","?","175,440",
"202602","29012990","Unsaturated acyclic hydrocarbons, nes","353","Slovakia","10","Ordinary Trade","31","Shanghai Province","10","Kilogram","0","?","5,361",
"202602","29012990","Unsaturated acyclic hydrocarbons, nes","410","Brazil","10","Ordinary Trade","31","Shanghai Province","360","Kilogram","0","?","7,614",
"202602","29012990","Unsaturated acyclic hydrocarbons, nes","410","Brazil","10","Ordinary Trade","42","Hubei Province","932200","Kilogram","0","?","4,094,930",
"202602","29012990","Unsaturated acyclic hydrocarbons, nes","413","Colombia","10","Ordinary Trade","32","Jiangsu Province","13","Kilogram","0","?","568",
"202602","29012990","Unsaturated acyclic hydrocarbons, nes","444","Uruguay","10","Ordinary Trade","32","Jiangsu Province","111","Kilogram","0","?","3,013",
"202602","29012990","Unsaturated acyclic hydrocarbons, nes","501","Canada","10","Ordinary Trade","31","Shanghai Province","1019209","Kilogram","0","?","1,275,982",
"202602","29012990","Unsaturated acyclic hydrocarbons, nes","501","Canada","15","Processing with Imported Materials","33","Zhejiang Province","16500","Kilogram","0","?","37,125",
"202602","29012990","Unsaturated acyclic hydrocarbons, nes","502","United States","10","Ordinary Trade","12","Tianjin","150000","Kilogram","0","?","184,000",
"202602","29012990","Unsaturated acyclic hydrocarbons, nes","502","United States","10","Ordinary Trade","31","Shanghai Province","225106","Kilogram","0","?","312,113",
"202602","29012990","Unsaturated acyclic hydrocarbons, nes","502","United States","10","Ordinary Trade","32","Jiangsu Province","4815367","Kilogram","0","?","5,171,209",
"202602","29012990","Unsaturated acyclic hydrocarbons, nes","502","United States","10","Ordinary Trade","33","Zhejiang Province","2114704","Kilogram","0","?","2,552,312",
"202602","29012990","Unsaturated acyclic hydrocarbons, nes","502","United States","10","Ordinary Trade","37","Shandong Province","466125","Kilogram","0","?","571,803",
"202602","29012990","Unsaturated acyclic hydrocarbons, nes","502","United States","10","Ordinary Trade","43","Hunan Province","742415","Kilogram","0","?","842,740",
"202602","29012990","Unsaturated acyclic hydrocarbons, nes","502","United States","10","Ordinary Trade","46","Hainan Province","120000","Kilogram","0","?","149,400",
"202602","29012990","Unsaturated acyclic hydrocarbons, nes","601","Australia","10","Ordinary Trade","32","Jiangsu Province","19","Kilogram","0","?","5,843",
"202602","29021100","Cyclohexane","112","Indonesia","10","Ordinary Trade","37","Shandong Province","12000","Kilogram","0","?","10,754",
"202602","29021100","Cyclohexane","122","Malaysia","10","Ordinary Trade","37","Shandong Province","12000","Kilogram","0","?","11,400",
"202602","29021100","Cyclohexane","130","Qatar","10","Ordinary Trade","21","Liaoning Province","36000","Kilogram","0","?","48,793",
"202602","29021100","Cyclohexane","131","Saudi Arabia","10","Ordinary Trade","31","Shanghai Province","2","Kilogram","0","?","52",
"202602","29021100","Cyclohexane","132","Singapore","10","Ordinary Trade","44","Guangdong Province","78","Kilogram","0","?","380",
"202602","29021100","Cyclohexane","133","Republic of Korea","10","Ordinary Trade","21","Liaoning Province","111000","Kilogram","0","?","84,045",
"202602","29021100","Cyclohexane","136","Thailand","10","Ordinary Trade","31","Shanghai Province","55","Kilogram","0","?","565",
"202602","29021100","Cyclohexane","138","United Arab Emirates","10","Ordinary Trade","37","Shandong Province","52500","Kilogram","0","?","48,116",
"202602","29021100","Cyclohexane","304","Germany","10","Ordinary Trade","31","Shanghai Province","15","Kilogram","0","?","560",
"202602","29021100","Cyclohexane","305","France","10","Ordinary Trade","31","Shanghai Province","6","Kilogram","0","?","816",
"202602","29021100","Cyclohexane","312","Spain","10","Ordinary Trade","31","Shanghai Province","1","Kilogram","0","?","56",
"202602","29021100","Cyclohexane","412","Chile","10","Ordinary Trade","37","Shandong Province","48000","Kilogram","0","?","37,680",
"202602","29021100","Cyclohexane","412","Chile","10","Ordinary Trade","41","Henan Province","19200","Kilogram","0","?","12,744",
"202602","29021100","Cyclohexane","433","Paraguay","10","Ordinary Trade","41","Henan Province","24000","Kilogram","0","?","21,200",
"202602","29021100","Cyclohexane","502","United States","10","Ordinary Trade","31","Shanghai Province","12","Kilogram","0","?","187",
"202603","29012920","Acetylene","110","Hong Kong£¬China","10","Ordinary Trade","44","Guangdong Province","81262","Kilogram","0","?","317,362",
"202603","29012920","Acetylene","121","Macao,China","10","Ordinary Trade","44","Guangdong Province","4527","Kilogram","0","?","22,652",
"202603","29012920","Acetylene","133","Republic of Korea","10","Ordinary Trade","21","Liaoning Province","100","Kilogram","0","?","13,290",
"202603","29012920","Acetylene","133","Republic of Korea","10","Ordinary Trade","31","Shanghai Province","3176","Kilogram","0","?","197,361",
"202603","29012920","Acetylene","141","Viet Nam","10","Ordinary Trade","37","Shandong Province","126","Kilogram","0","?","1,084",
"202603","29012920","Acetylene","143","Taiwan£¬China","10","Ordinary Trade","44","Guangdong Province","4800","Kilogram","0","?","19,068",
"202603","29012920","Acetylene","143","Taiwan£¬China","15","Processing with Imported Materials","61","Shaanxi Province","1249","Kilogram","0","?","252,582",
"202603","29012920","Acetylene","143","Taiwan£¬China","33","Customs Warehousing Trade","31","Shanghai Province","800","Kilogram","0","?","147,845",
"202603","29012990","Unsaturated acyclic hydrocarbons, nes","110","Hong Kong£¬China","10","Ordinary Trade","31","Shanghai Province","0","Kilogram","0","?","35",
"202603","29012990","Unsaturated acyclic hydrocarbons, nes","110","Hong Kong£¬China","10","Ordinary Trade","32","Jiangsu Province","45","Kilogram","0","?","14,501",
"202603","29012990","Unsaturated acyclic hydrocarbons, nes","111","India","10","Ordinary Trade","31","Shanghai Province","20","Kilogram","0","?","9,241",
"202603","29012990","Unsaturated acyclic hydrocarbons, nes","111","India","10","Ordinary Trade","32","Jiangsu Province","0","Kilogram","0","?","236",
"202603","29012990","Unsaturated acyclic hydrocarbons, nes","111","India","10","Ordinary Trade","33","Zhejiang Province","95792","Kilogram","0","?","511,608",
"202603","29012990","Unsaturated acyclic hydrocarbons, nes","111","India","10","Ordinary Trade","36","Jiangxi Province","38379","Kilogram","0","?","298,591",
"202603","29012990","Unsaturated acyclic hydrocarbons, nes","111","India","10","Ordinary Trade","44","Guangdong Province","129400","Kilogram","0","?","793,200",
"202603","29012990","Unsaturated acyclic hydrocarbons, nes","116","Japan","10","Ordinary Trade","12","Tianjin","67","Kilogram","0","?","9,807",
"202603","29012990","Unsaturated acyclic hydrocarbons, nes","116","Japan","10","Ordinary Trade","31","Shanghai Province","426547","Kilogram","0","?","513,904",
"202603","29012990","Unsaturated acyclic hydrocarbons, nes","116","Japan","10","Ordinary Trade","32","Jiangsu Province","55908","Kilogram","0","?","1,927,994",
"202603","29012990","Unsaturated acyclic hydrocarbons, nes","116","Japan","10","Ordinary Trade","33","Zhejiang Province","90","Kilogram","0","?","22,043",
"202603","29012990","Unsaturated acyclic hydrocarbons, nes","116","Japan","10","Ordinary Trade","44","Guangdong Province","81610","Kilogram","0","?","568,340",
"202603","29012990","Unsaturated acyclic hydrocarbons, nes","116","Japan","14","Processing and Assembling","32","Jiangsu Province","295880","Kilogram","0","?","379,457",
"202603","29012990","Unsaturated acyclic hydrocarbons, nes","116","Japan","15","Processing with Imported Materials","32","Jiangsu Province","14000","Kilogram","0","?","33,773",
"202603","29012990","Unsaturated acyclic hydrocarbons, nes","116","Japan","33","Customs Warehousing Trade","44","Guangdong Province","219","Kilogram","0","?","967",
"202603","29012990","Unsaturated acyclic hydrocarbons, nes","130","Qatar","10","Ordinary Trade","12","Tianjin","132350","Kilogram","0","?","176,844",
"202603","29012990","Unsaturated acyclic hydrocarbons, nes","130","Qatar","10","Ordinary Trade","31","Shanghai Province","3737407","Kilogram","0","?","2,877,055",
"202603","29012990","Unsaturated acyclic hydrocarbons, nes","130","Qatar","10","Ordinary Trade","32","Jiangsu Province","512266","Kilogram","0","?","633,980",
"202603","29012990","Unsaturated acyclic hydrocarbons, nes","130","Qatar","10","Ordinary Trade","34","Anhui Province","419878","Kilogram","0","?","532,237",
"202603","29012990","Unsaturated acyclic hydrocarbons, nes","130","Qatar","10","Ordinary Trade","44","Guangdong Province","3582384","Kilogram","0","?","4,129,280",
"202603","29012990","Unsaturated acyclic hydrocarbons, nes","131","Saudi Arabia","10","Ordinary Trade","32","Jiangsu Province","648122","Kilogram","0","?","620,954",
"202603","29012990","Unsaturated acyclic hydrocarbons, nes","131","Saudi Arabia","10","Ordinary Trade","33","Zhejiang Province","1147956","Kilogram","0","?","1,220,389",
"202603","29012990","Unsaturated acyclic hydrocarbons, nes","132","Singapore","10","Ordinary Trade","32","Jiangsu Province","0","Kilogram","0","?","8",
"202603","29012990","Unsaturated acyclic hydrocarbons, nes","132","Singapore","10","Ordinary Trade","33","Zhejiang Province","12800","Kilogram","0","?","22,783",
"202603","29012990","Unsaturated acyclic hydrocarbons, nes","132","Singapore","10","Ordinary Trade","36","Jiangxi Province","316","Kilogram","0","?","13,310",
"202603","29012990","Unsaturated acyclic hydrocarbons, nes","133","Republic of Korea","10","Ordinary Trade","31","Shanghai Province","81009","Kilogram","0","?","151,006",
"202603","29012990","Unsaturated acyclic hydrocarbons, nes","133","Republic of Korea","10","Ordinary Trade","32","Jiangsu Province","0","Kilogram","0","?","766",
"202603","29012990","Unsaturated acyclic hydrocarbons, nes","133","Republic of Korea","10","Ordinary Trade","33","Zhejiang Province","160","Kilogram","0","?","880",
"202603","29012990","Unsaturated acyclic hydrocarbons, nes","133","Republic of Korea","39","Other","31","Shanghai Province","0","Kilogram","0","?","1,058",
"202603","29012990","Unsaturated acyclic hydrocarbons, nes","136","Thailand","10","Ordinary Trade","31","Shanghai Province","20","Kilogram","0","?","660",
"202603","29012990","Unsaturated acyclic hydrocarbons, nes","137","T¨¹rkiye","10","Ordinary Trade","44","Guangdong Province","1","Kilogram","0","?","905",
"202603","29012990","Unsaturated acyclic hydrocarbons, nes","141","Viet Nam","10","Ordinary Trade","61","Shaanxi Province","20","Kilogram","0","?","250",
"202603","29012990","Unsaturated acyclic hydrocarbons, nes","142","China","10","Ordinary Trade","31","Shanghai Province","0","Kilogram","0","?","31",
"202603","29012990","Unsaturated acyclic hydrocarbons, nes","143","Taiwan£¬China","10","Ordinary Trade","31","Shanghai Province","0","Kilogram","0","?","3,676",
"202603","29012990","Unsaturated acyclic hydrocarbons, nes","224","Kenya","10","Ordinary Trade","31","Shanghai Province","20","Kilogram","0","?","881",
"202603","29012990","Unsaturated acyclic hydrocarbons, nes","244","South Africa","10","Ordinary Trade","33","Zhejiang Province","14700","Kilogram","0","?","19,110",
"202603","29012990","Unsaturated acyclic hydrocarbons, nes","244","South Africa","10","Ordinary Trade","36","Jiangxi Province","1","Kilogram","0","?","306",
"202603","29012990","Unsaturated acyclic hydrocarbons, nes","244","South Africa","10","Ordinary Trade","44","Guangdong Province","6946722","Kilogram","0","?","8,143,035",
"202603","29012990","Unsaturated acyclic hydrocarbons, nes","301","Belgium","10","Ordinary Trade","31","Shanghai Province","2","Kilogram","0","?","154",
"202603","29012990","Unsaturated acyclic hydrocarbons, nes","301","Belgium","10","Ordinary Trade","46","Hainan Province","5","Kilogram","0","?","5",
"202603","29012990","Unsaturated acyclic hydrocarbons, nes","303","United Kingdom","10","Ordinary Trade","31","Shanghai Province","0","Kilogram","0","?","14",
"202603","29012990","Unsaturated acyclic hydrocarbons, nes","303","United Kingdom","10","Ordinary Trade","32","Jiangsu Province","1","Kilogram","0","?","2,885",
"202603","29012990","Unsaturated acyclic hydrocarbons, nes","304","Germany","10","Ordinary Trade","31","Shanghai Province","12510","Kilogram","0","?","144,149",
"202603","29012990","Unsaturated acyclic hydrocarbons, nes","304","Germany","10","Ordinary Trade","36","Jiangxi Province","25","Kilogram","0","?","1,625",
"202603","29012990","Unsaturated acyclic hydrocarbons, nes","305","France","10","Ordinary Trade","31","Shanghai Province","50","Kilogram","0","?","27,750",
"202603","29012990","Unsaturated acyclic hydrocarbons, nes","305","France","10","Ordinary Trade","36","Jiangxi Province","34000","Kilogram","0","?","374,162",
"202603","29012990","Unsaturated acyclic hydrocarbons, nes","311","Portugal","10","Ordinary Trade","32","Jiangsu Province","7200","Kilogram","0","?","132,669",
"202603","29012990","Unsaturated acyclic hydrocarbons, nes","312","Spain","10","Ordinary Trade","31","Shanghai Province","527","Kilogram","0","?","39,999",
"202603","29012990","Unsaturated acyclic hydrocarbons, nes","312","Spain","10","Ordinary Trade","32","Jiangsu Province","237","Kilogram","0","?","14,892",
"202603","29012990","Unsaturated acyclic hydrocarbons, nes","312","Spain","10","Ordinary Trade","33","Zhejiang Province","19000","Kilogram","0","?","92,184",
"202603","29012990","Unsaturated acyclic hydrocarbons, nes","312","Spain","10","Ordinary Trade","36","Jiangxi Province","13500","Kilogram","0","?","107,125",
"202603","29012990","Unsaturated acyclic hydrocarbons, nes","312","Spain","10","Ordinary Trade","44","Guangdong Province","37192","Kilogram","0","?","231,585",
"202603","29012990","Unsaturated acyclic hydrocarbons, nes","331","Switzerland","10","Ordinary Trade","32","Jiangsu Province","5","Kilogram","0","?","6,331",
"202603","29012990","Unsaturated acyclic hydrocarbons, nes","331","Switzerland","10","Ordinary Trade","44","Guangdong Province","1","Kilogram","0","?","1,274",
"202603","29012990","Unsaturated acyclic hydrocarbons, nes","344","Russia","10","Ordinary Trade","12","Tianjin","66380","Kilogram","0","?","77,246",
"202603","29012990","Unsaturated acyclic hydrocarbons, nes","344","Russia","10","Ordinary Trade","31","Shanghai Province","18950","Kilogram","0","?","32,215",
"202603","29012990","Unsaturated acyclic hydrocarbons, nes","344","Russia","10","Ordinary Trade","32","Jiangsu Province","432036","Kilogram","0","?","1,065,908",
"202603","29012990","Unsaturated acyclic hydrocarbons, nes","344","Russia","10","Ordinary Trade","33","Zhejiang Province","75024","Kilogram","0","?","197,388",
"202603","29012990","Unsaturated acyclic hydrocarbons, nes","344","Russia","10","Ordinary Trade","61","Shaanxi Province","7","Kilogram","0","?","16,322",
"202603","29012990","Unsaturated acyclic hydrocarbons, nes","350","Slovenia","10","Ordinary Trade","52","Guizhou Province","12400","Kilogram","0","?","76,634",
"202603","29012990","Unsaturated acyclic hydrocarbons, nes","353","Slovakia","10","Ordinary Trade","31","Shanghai Province","2","Kilogram","0","?","1,190",
"202603","29012990","Unsaturated acyclic hydrocarbons, nes","410","Brazil","10","Ordinary Trade","32","Jiangsu Province","4","Kilogram","0","?","3,060",
"202603","29012990","Unsaturated acyclic hydrocarbons, nes","410","Brazil","10","Ordinary Trade","42","Hubei Province","1497700","Kilogram","0","?","6,578,926",
"202603","29012990","Unsaturated acyclic hydrocarbons, nes","412","Chile","10","Ordinary Trade","32","Jiangsu Province","20","Kilogram","0","?","10,900",
"202603","29012990","Unsaturated acyclic hydrocarbons, nes","413","Colombia","10","Ordinary Trade","36","Jiangxi Province","50","Kilogram","0","?","3,880",
"202603","29012990","Unsaturated acyclic hydrocarbons, nes","434","Peru","10","Ordinary Trade","13","Hebei Province","5","Kilogram","0","?","3,904",
"202603","29012990","Unsaturated acyclic hydrocarbons, nes","501","Canada","10","Ordinary Trade","21","Liaoning Province","1801064","Kilogram","0","?","1,889,420",
"202603","29012990","Unsaturated acyclic hydrocarbons, nes","501","Canada","10","Ordinary Trade","31","Shanghai Province","170000","Kilogram","0","?","176,779",
"202603","29012990","Unsaturated acyclic hydrocarbons, nes","501","Canada","15","Processing with Imported Materials","33","Zhejiang Province","16500","Kilogram","0","?","37,125",
"202603","29012990","Unsaturated acyclic hydrocarbons, nes","502","United States","10","Ordinary Trade","12","Tianjin","300000","Kilogram","0","?","368,000",
"202603","29012990","Unsaturated acyclic hydrocarbons, nes","502","United States","10","Ordinary Trade","31","Shanghai Province","537011","Kilogram","0","?","670,477",
"202603","29012990","Unsaturated acyclic hydrocarbons, nes","502","United States","10","Ordinary Trade","32","Jiangsu Province","0","Kilogram","0","?","591",
"202603","29012990","Unsaturated acyclic hydrocarbons, nes","502","United States","10","Ordinary Trade","33","Zhejiang Province","1842718","Kilogram","0","?","2,190,477",
"202603","29012990","Unsaturated acyclic hydrocarbons, nes","502","United States","10","Ordinary Trade","43","Hunan Province","1453786","Kilogram","0","?","1,720,712",
"202603","29012990","Unsaturated acyclic hydrocarbons, nes","502","United States","10","Ordinary Trade","44","Guangdong Province","7","Kilogram","0","?","6,981",
"202603","29012990","Unsaturated acyclic hydrocarbons, nes","502","United States","10","Ordinary Trade","46","Hainan Province","150200","Kilogram","0","?","187,132",
"202603","29012990","Unsaturated acyclic hydrocarbons, nes","502","United States","10","Ordinary Trade","51","Sichuan Province","623220","Kilogram","0","?","764,466",
"202603","29012990","Unsaturated acyclic hydrocarbons, nes","502","United States","15","Processing with Imported Materials","31","Shanghai Province","233708","Kilogram","0","?","286,675",
"202603","29012990","Unsaturated acyclic hydrocarbons, nes","502","United States","15","Processing with Imported Materials","37","Shandong Province","233632","Kilogram","0","?","286,581",
"202603","29012990","Unsaturated acyclic hydrocarbons, nes","502","United States","39","Other","32","Jiangsu Province","0","Kilogram","0","?","100",
"202603","29012990","Unsaturated acyclic hydrocarbons, nes","601","Australia","34","Entrepot Trade by Bonded Area","31","Shanghai Province","7202","Kilogram","0","?","126,028",
"202603","29021100","Cyclohexane","116","Japan","10","Ordinary Trade","21","Liaoning Province","48000","Kilogram","0","?","62,003",
"202603","29021100","Cyclohexane","116","Japan","10","Ordinary Trade","31","Shanghai Province","11","Kilogram","0","?","236",
"202603","29021100","Cyclohexane","122","Malaysia","10","Ordinary Trade","34","Anhui Province","561","Kilogram","0","?","3,132",
"202603","29021100","Cyclohexane","131","Saudi Arabia","10","Ordinary Trade","31","Shanghai Province","2","Kilogram","0","?","54",
"202603","29021100","Cyclohexane","133","Republic of Korea","10","Ordinary Trade","21","Liaoning Province","128500","Kilogram","0","?","113,633",
"202603","29021100","Cyclohexane","133","Republic of Korea","10","Ordinary Trade","37","Shandong Province","108000","Kilogram","0","?","84,720",
"202603","29021100","Cyclohexane","141","Viet Nam","10","Ordinary Trade","32","Jiangsu Province","52500","Kilogram","0","?","51,050",
"202603","29021100","Cyclohexane","141","Viet Nam","10","Ordinary Trade","37","Shandong Province","72000","Kilogram","0","?","66,320",
"202603","29021100","Cyclohexane","143","Taiwan£¬China","10","Ordinary Trade","34","Anhui Province","125","Kilogram","0","?","1,569",
"202603","29021100","Cyclohexane","249","Tunisia","10","Ordinary Trade","12","Tianjin","12000","Kilogram","0","?","10,540",
"202603","29021100","Cyclohexane","301","Belgium","10","Ordinary Trade","31","Shanghai Province","5","Kilogram","0","?","164",
"202603","29021100","Cyclohexane","304","Germany","10","Ordinary Trade","31","Shanghai Province","2","Kilogram","0","?","173",
"202603","29021100","Cyclohexane","312","Spain","10","Ordinary Trade","33","Zhejiang Province","150","Kilogram","0","?","5,499",
"202603","29021100","Cyclohexane","402","Argentina","10","Ordinary Trade","21","Liaoning Province","450","Kilogram","0","?","1,518",
"202603","29021100","Cyclohexane","412","Chile","10","Ordinary Trade","37","Shandong Province","24000","Kilogram","0","?","18,960",
"202603","29021100","Cyclohexane","413","Colombia","10","Ordinary Trade","37","Shandong Province","24000","Kilogram","0","?","19,104",
"202603","29021100","Cyclohexane","429","Mexico","10","Ordinary Trade","21","Liaoning Province","72000","Kilogram","0","?","65,601",
"202603","29021100","Cyclohexane","502","United States","10","Ordinary Trade","31","Shanghai Province","1027","Kilogram","0","?","23,227",
"202603","29021100","Cyclohexane","601","Australia","10","Ordinary Trade","41","Henan Province","12000","Kilogram","0","?","12,670",
